{"0": [83250.0, 17.93, 42.799999999999997, 691.92999999999995], "1": [84150.0, 17.577000000000002, 42.859999999999999, 695.57299999999998], "2": [85050.0, 17.391999999999999, 42.890000000000001, 696.57799999999997], "3": [85950.0, 17.34, 42.914000000000001, 696.96100000000001], "4": [86850.0, 17.346, 42.915999999999997, 697.46400000000006], "5": [87750.0, 17.338999999999999, 42.924999999999997, 697.93899999999996], "6": [88650.0, 17.335000000000001, 42.935000000000002, 698.26800000000003], "7": [89550.0, 17.326000000000001, 42.948, 698.56100000000004], "8": [90450.0, 17.318999999999999, 42.981999999999999, 698.83000000000004], "9": [91350.0, 17.314, 42.991999999999997, 698.96900000000005], "10": [92250.0, 17.309999999999999, 43.024000000000001, 699.17899999999997], "11": [93150.0, 17.298999999999999, 43.055999999999997, 699.27099999999996], "12": [94050.0, 17.292999999999999, 43.073, 699.46500000000003], "13": [94950.0, 17.283000000000001, 43.091000000000001, 699.61199999999997], "14": [95850.0, 17.263999999999999, 43.127000000000002, 699.798], "15": [96750.0, 17.248999999999999, 43.156999999999996, 699.89599999999996], "16": [97650.0, 17.233000000000001, 43.186, 699.928], "17": [98550.0, 17.216000000000001, 43.210999999999999, 700.077], "18": [99450.0, 17.209, 43.228000000000002, 700.16499999999996], "19": [100350.0, 17.202000000000002, 43.246000000000002, 700.31399999999996], "20": [101250.0, 17.207000000000001, 43.256, 700.375], "21": [102150.0, 17.189, 43.274999999999999, 700.61300000000006], "22": [103050.0, 17.184000000000001, 43.290999999999997, 700.79700000000003], "23": [103950.0, 17.18, 43.310000000000002, 700.87900000000002], "24": [104850.0, 17.175000000000001, 43.323, 700.94500000000005], "25": [105750.0, 17.187000000000001, 43.329999999999998, 700.98199999999997], "26": [106650.0, 17.198, 43.335999999999999, 700.98599999999999], "27": [107550.0, 17.190999999999999, 43.347999999999999, 701.11099999999999], "28": [108450.0, 17.190000000000001, 43.363, 701.20100000000002], "29": [109350.0, 17.186, 43.377000000000002, 701.23900000000003], "30": [110250.0, 17.199000000000002, 43.389000000000003, 701.23199999999997], "31": [111150.0, 17.202999999999999, 43.405999999999999, 701.27800000000002], "32": [112050.0, 17.206, 43.417000000000002, 701.27800000000002], "33": [112950.0, 17.213000000000001, 43.420999999999999, 701.20600000000002], "34": [113850.0, 17.218, 43.429000000000002, 701.21400000000006], "35": [114750.0, 17.225999999999999, 43.436, 701.20299999999997], "36": [115650.0, 17.231000000000002, 43.445, 701.20000000000005], "37": [116550.0, 17.242000000000001, 43.442, 701.05799999999999], "38": [117450.0, 17.242000000000001, 43.451999999999998, 701.03899999999999], "39": [118350.0, 17.262, 43.448, 700.88400000000001], "40": [119250.0, 17.263999999999999, 43.453000000000003, 700.86800000000005], "41": [120150.0, 17.277000000000001, 43.451999999999998, 700.59100000000001], "42": [121050.0, 17.280999999999999, 43.438000000000002, 700.23199999999997], "43": [121950.0, 17.297999999999998, 43.433, 699.66099999999994], "44": [122850.0, 17.297999999999998, 43.426000000000002, 699.274], "45": [123750.0, 17.318999999999999, 43.420000000000002, 698.66600000000005], "46": [124650.0, 17.327999999999999, 43.408999999999999, 698.31899999999996], "47": [125550.0, 17.347999999999999, 43.399999999999999, 697.74900000000002], "48": [126450.0, 17.361000000000001, 43.381, 697.39499999999998], "49": [127350.0, 17.384, 43.369999999999997, 696.76700000000005], "50": [128250.0, 17.399000000000001, 43.351999999999997, 696.40300000000002], "51": [129150.0, 17.420000000000002, 43.341999999999999, 695.83199999999999], "52": [130050.0, 17.431999999999999, 43.325000000000003, 695.55200000000002], "53": [130950.0, 17.462, 43.308999999999997, 695.01300000000003], "54": [131850.0, 17.477, 43.289000000000001, 694.67700000000002], "55": [132750.0, 17.504000000000001, 43.271999999999998, 694.11199999999997], "56": [133650.0, 17.515000000000001, 43.258000000000003, 693.73800000000006], "57": [134550.0, 17.541, 43.240000000000002, 693.20600000000002], "58": [135450.0, 17.550000000000001, 43.225000000000001, 692.80799999999999], "59": [136350.0, 17.573, 43.204000000000001, 692.31399999999996], "60": [137250.0, 17.574999999999999, 43.183999999999997, 691.95100000000002], "61": [138150.0, 17.597000000000001, 43.170999999999999, 691.40999999999997], "62": [139050.0, 17.602, 43.155999999999999, 691.06299999999999], "63": [139950.0, 17.622, 43.149000000000001, 690.48500000000001], "64": [140850.0, 17.635999999999999, 43.146999999999998, 690.024], "65": [141750.0, 17.66, 43.143000000000001, 689.66800000000001], "66": [142650.0, 17.670000000000002, 43.145000000000003, 689.34299999999996], "67": [143550.0, 17.704000000000001, 43.130000000000003, 688.93499999999995], "68": [144450.0, 17.721, 43.124000000000002, 688.65200000000004], "69": [145350.0, 17.754999999999999, 43.106999999999999, 688.34199999999998], "70": [146250.0, 17.762, 43.100999999999999, 688.14300000000003], "71": [147150.0, 17.776, 43.081000000000003, 687.88499999999999], "72": [148050.0, 17.795000000000002, 43.079000000000001, 687.72900000000004], "73": [148950.0, 17.803999999999998, 43.066000000000003, 687.53700000000003], "74": [149850.0, 17.823, 43.061, 687.29399999999998], "75": [150750.0, 17.827999999999999, 43.051000000000002, 687.16200000000003], "76": [151650.0, 17.841000000000001, 43.039999999999999, 687.02499999999998], "77": [152550.0, 17.844000000000001, 43.033000000000001, 686.80100000000004], "78": [153450.0, 17.859999999999999, 43.021000000000001, 686.45600000000002], "79": [154350.0, 17.853999999999999, 43.024999999999999, 686.26700000000005], "80": [155250.0, 17.869, 43.011000000000003, 685.87699999999995], "81": [156150.0, 17.870000000000001, 43.003, 685.75099999999998], "82": [157050.0, 17.887, 43.006, 685.75599999999997], "83": [157950.0, 17.885999999999999, 43.003, 686.0], "84": [158850.0, 17.907, 43.005000000000003, 686.00599999999997], "85": [159750.0, 17.902000000000001, 43.002000000000002, 686.26999999999998], "86": [160650.0, 17.917000000000002, 43.002000000000002, 686.22900000000004], "87": [161550.0, 17.911999999999999, 43.006999999999998, 686.48800000000006], "88": [162450.0, 17.928999999999998, 43.011000000000003, 686.43799999999999], "89": [163350.0, 17.925000000000001, 43.006999999999998, 686.77300000000002], "90": [164250.0, 17.945, 43.006, 686.75199999999995], "91": [165150.0, 17.940000000000001, 43.005000000000003, 687.10500000000002], "92": [166050.0, 17.960000000000001, 43.008000000000003, 687.048], "93": [166950.0, 17.951000000000001, 43.008000000000003, 687.37099999999998], "94": [167850.0, 17.969999999999999, 43.014000000000003, 687.26599999999996], "95": [168750.0, 17.966000000000001, 43.018000000000001, 687.64400000000001]}