{"0": [1485644684.55, 16.0, 46.0, 694.0], "1": [1485644986.6500001, 16.666666666666668, 45.0, 686.0], "2": [1485645288.6199999, 16.800000000000001, 45.0, 686.79999999999995], "3": [1485645590.6600001, 16.857142857142858, 44.857142857142854, 689.57142857142856], "4": [1485645892.7, 16.888888888888889, 44.888888888888886, 687.55555555555554], "5": [1485646194.8399999, 16.90909090909091, 44.909090909090907, 688.27272727272725], "6": [1485646496.8099999, 16.923076923076923, 44.846153846153847, 688.07692307692309], "7": [1485646798.8499999, 16.933333333333334, 44.866666666666667, 688.33333333333337], "8": [1485647100.8900001, 16.941176470588236, 44.882352941176471, 687.35294117647061], "9": [1485647402.8900001, 16.94736842105263, 44.89473684210526, 686.84210526315792], "10": [1485647704.9300001, 16.949999999999999, 44.899999999999999, 686.89999999999998], "11": [1485648006.97, 17.0, 44.850000000000001, 686.79999999999995], "12": [1485648309.01, 17.0, 44.899999999999999, 686.14999999999998], "13": [1485648611.0799999, 17.0, 44.899999999999999, 687.04999999999995], "14": [1485648913.0799999, 17.0, 44.850000000000001, 687.0], "15": [1485649215.1199999, 17.0, 44.850000000000001, 686.20000000000005], "16": [1485649517.1600001, 17.0, 44.899999999999999, 684.85000000000002], "17": [1485649819.26, 17.0, 44.899999999999999, 683.89999999999998], "18": [1485650121.23, 17.0, 44.899999999999999, 683.54999999999995], "19": [1485650423.27, 17.0, 44.899999999999999, 684.29999999999995], "20": [1485650725.3099999, 17.0, 44.899999999999999, 683.45000000000005], "21": [1485651027.3399999, 17.0, 44.899999999999999, 682.29999999999995], "22": [1485651329.3800001, 17.0, 44.950000000000003, 682.70000000000005], "23": [1485651631.4200001, 17.0, 44.899999999999999, 682.39999999999998], "24": [1485651933.46, 17.0, 44.899999999999999, 682.14999999999998], "25": [1485652235.53, 17.0, 44.899999999999999, 682.54999999999995], "26": [1485652537.53, 17.0, 44.899999999999999, 682.39999999999998], "27": [1485652839.5699999, 17.0, 44.899999999999999, 682.35000000000002], "28": [1485653141.6400001, 17.0, 44.899999999999999, 681.89999999999998], "29": [1485653443.78, 17.0, 44.899999999999999, 682.35000000000002], "30": [1485653745.6800001, 17.0, 44.899999999999999, 681.75], "31": [1485654047.71, 17.0, 44.899999999999999, 680.95000000000005], "32": [1485654349.75, 17.0, 44.899999999999999, 680.54999999999995], "33": [1485654651.79, 17.0, 44.899999999999999, 680.0], "34": [1485654953.8599999, 17.0, 44.950000000000003, 680.25], "35": [1485655255.8599999, 17.0, 44.950000000000003, 679.95000000000005], "36": [1485655557.9300001, 17.0, 44.950000000000003, 679.95000000000005], "37": [1485655859.97, 17.0, 44.950000000000003, 680.60000000000002], "38": [1485656162.01, 17.0, 44.950000000000003, 680.5], "39": [1485656464.01, 17.0, 44.950000000000003, 680.0], "40": [1485656766.1099999, 17.0, 44.950000000000003, 680.29999999999995], "41": [1485657068.0799999, 17.0, 44.950000000000003, 680.64999999999998], "42": [1485657370.1199999, 17.0, 44.950000000000003, 680.20000000000005], "43": [1485657672.1500001, 17.0, 45.0, 679.54999999999995], "44": [1485657974.1900001, 17.0, 45.0, 679.70000000000005], "45": [1485658276.26, 17.0, 45.0, 679.29999999999995], "46": [1485658578.3, 17.0, 45.0, 679.14999999999998], "47": [1485658880.3299999, 17.0, 45.0, 679.25], "48": [1485659182.3299999, 17.0, 45.0, 679.64999999999998], "49": [1485659484.4100001, 17.0, 45.0, 679.10000000000002], "50": [1485659786.48, 17.0, 45.0, 679.25], "51": [1485660088.48, 17.0, 45.0, 678.95000000000005], "52": [1485660390.51, 17.0, 45.0, 679.20000000000005], "53": [1485660692.55, 17.0, 45.0, 678.95000000000005], "54": [1485660994.55, 17.0, 45.0, 678.5], "55": [1485661296.5899999, 17.0, 45.0, 678.5], "56": [1485661598.6600001, 17.0, 45.0, 678.25], "57": [1485661900.7, 17.0, 45.0, 678.20000000000005], "58": [1485662202.7, 17.0, 45.0, 678.0], "59": [1485662504.74, 17.0, 45.0, 678.25], "60": [1485662806.8399999, 17.0, 45.0, 678.29999999999995], "61": [1485663108.8399999, 17.0, 45.0, 678.20000000000005], "62": [1485663410.8399999, 17.0, 45.0, 678.25], "63": [1485663712.8800001, 17.0, 45.0, 678.45000000000005], "64": [1485664014.99, 17.0, 45.0, 677.95000000000005], "65": [1485664316.99, 17.0, 45.0, 677.20000000000005], "66": [1485664618.99, 17.0, 45.0, 677.10000000000002], "67": [1485664921.1300001, 17.0, 45.0, 677.04999999999995], "68": [1485665223.0999999, 17.0, 45.0, 676.70000000000005], "69": [1485665525.1300001, 17.0, 45.0, 676.64999999999998], "70": [1485665827.1700001, 17.0, 45.0, 676.39999999999998], "71": [1485666129.1700001, 17.0, 45.0, 676.85000000000002], "72": [1485666431.24, 17.0, 45.0, 676.60000000000002], "73": [1485666733.25, 17.0, 45.0, 676.95000000000005], "74": [1485667035.28, 17.0, 45.0, 676.85000000000002], "75": [1485667337.3599999, 17.0, 45.0, 677.10000000000002], "76": [1485667639.3900001, 17.0, 45.0, 677.85000000000002], "77": [1485667941.4300001, 17.0, 45.0, 677.95000000000005], "78": [1485668243.54, 17.0, 45.0, 678.25], "79": [1485668545.47, 17.0, 45.0, 677.70000000000005], "80": [1485668847.51, 17.0, 45.0, 677.85000000000002], "81": [1485669149.54, 17.0, 45.0, 677.79999999999995], "82": [1485669451.6099999, 17.0, 45.0, 677.70000000000005], "83": [1485669753.6500001, 17.0, 45.0, 677.45000000000005], "84": [1485670055.6500001, 17.0, 45.0, 677.60000000000002], "85": [1485670357.6900001, 17.0, 45.0, 677.5], "86": [1485670659.76, 17.0, 45.0, 677.64999999999998], "87": [1485670961.8, 17.0, 45.0, 677.60000000000002], "88": [1485671263.8299999, 17.0, 45.0, 677.64999999999998], "89": [1485671565.8399999, 17.0, 45.0, 678.14999999999998], "90": [1485671867.8699999, 17.0, 45.0, 678.29999999999995], "91": [1485672169.98, 17.0, 45.0, 678.39999999999998], "92": [1485672471.95, 17.0, 45.0, 678.45000000000005], "93": [1485672773.98, 17.0, 45.0, 677.85000000000002], "94": [1485673076.02, 17.0, 45.0, 677.85000000000002], "95": [1485673378.0899999, 17.0, 45.0, 677.5], "96": [1485673680.1300001, 17.0, 45.0, 676.70000000000005], "97": [1485673982.1300001, 17.0, 45.0, 676.0], "98": [1485674284.2, 17.0, 45.0, 675.29999999999995], "99": [1485674586.2, 17.0, 45.0, 674.70000000000005], "100": [1485674888.24, 17.0, 45.0, 674.0], "101": [1485675190.3399999, 17.0, 45.0, 673.85000000000002], "102": [1485675492.3099999, 17.0, 45.0, 673.39999999999998], "103": [1485675794.3800001, 17.0, 45.0, 673.14999999999998], "104": [1485676096.3800001, 17.0, 45.0, 672.5], "105": [1485676398.52, 17.0, 45.0, 671.79999999999995], "106": [1485676700.46, 17.0, 45.0, 671.04999999999995], "107": [1485677002.49, 17.0, 45.0, 671.0], "108": [1485677304.53, 17.0, 45.0, 670.35000000000002], "109": [1485677606.5999999, 17.0, 45.0, 670.29999999999995], "110": [1485677908.5999999, 17.0, 45.0, 669.70000000000005], "111": [1485678210.6400001, 17.0, 45.0, 668.70000000000005], "112": [1485678512.6800001, 17.0, 45.0, 668.29999999999995], "113": [1485678814.75, 17.0, 45.0, 667.79999999999995], "114": [1485679116.75, 17.0, 45.0, 667.10000000000002], "115": [1485679418.79, 17.0, 45.0, 666.95000000000005], "116": [1485679720.8199999, 17.0, 45.0, 666.54999999999995], "117": [1485680022.8900001, 17.0, 45.0, 666.20000000000005], "118": [1485680324.9000001, 17.0, 45.0, 667.14999999999998], "119": [1485680626.9300001, 17.0, 45.0, 667.29999999999995], "120": [1485680928.97, 17.0, 45.0, 667.45000000000005], "121": [1485681231.01, 17.0, 45.0, 667.04999999999995], "122": [1485681533.04, 17.0, 45.0, 666.5], "123": [1485681835.0799999, 17.0, 45.0, 665.64999999999998], "124": [1485682137.1199999, 17.0, 45.0, 665.35000000000002], "125": [1485682439.1500001, 17.0, 45.0, 664.95000000000005], "126": [1485682741.1900001, 17.0, 45.0, 663.95000000000005], "127": [1485683043.23, 17.0, 45.0, 663.29999999999995], "128": [1485683345.26, 17.0, 45.0, 662.70000000000005], "129": [1485683647.3299999, 17.0, 45.0, 660.70000000000005], "130": [1485683949.3699999, 17.0, 45.0, 660.10000000000002],