{"0": [1487200477.02, 19.0, 44.0, 719.0], "1": [1487200779.03, 19.0, 44.0, 721.33299999999997], "2": [1487201081.0999999, 19.0, 44.0, 720.0], "3": [1487201383.0999999, 19.0, 43.856999999999999, 720.85699999999997], "4": [1487201685.1700001, 19.0, 43.889000000000003, 721.0], "5": [1487201987.21, 19.0, 43.908999999999999, 720.90899999999999], "6": [1487202289.3499999, 19.0, 43.768999999999998, 721.154], "7": [1487202591.25, 19.0, 43.732999999999997, 720.93299999999999], "8": [1487202893.3199999, 19.0, 43.765000000000001, 720.82399999999996], "9": [1487203195.3299999, 19.0, 43.789000000000001, 720.73699999999997], "10": [1487203497.3599999, 19.0, 43.810000000000002, 720.61900000000003], "11": [1487203799.4300001, 19.0, 43.826000000000001, 720.56500000000005], "12": [1487204101.47, 19.0, 43.799999999999997, 720.67999999999995], "13": [1487204403.51, 19.0, 43.814999999999998, 720.85199999999998], "14": [1487204705.51, 19.0, 43.828000000000003, 721.0], "15": [1487205007.55, 19.0, 43.838999999999999, 721.19399999999996], "16": [1487205309.5899999, 19.0, 43.847999999999999, 721.36400000000003], "17": [1487205611.6199999, 19.0, 43.856999999999999, 721.51400000000001], "18": [1487205913.6600001, 19.0, 43.865000000000002, 721.81100000000004], "19": [1487206215.73, 19.0, 43.845999999999997, 721.923], "20": [1487206517.77, 19.0, 43.850000000000001, 722.0], "21": [1487206819.77, 19.0, 43.850000000000001, 721.97500000000002], "22": [1487207121.8099999, 19.0, 43.850000000000001, 722.02499999999998], "23": [1487207423.8499999, 19.0, 43.850000000000001, 722.07500000000005], "24": [1487207725.8900001, 19.0, 43.825000000000003, 722.22500000000002], "25": [1487208027.9200001, 19.0, 43.825000000000003, 722.54999999999995], "26": [1487208330.03, 19.0, 43.850000000000001, 722.57500000000005], "27": [1487208632.03, 19.0, 43.850000000000001, 722.52499999999998], "28": [1487208934.0699999, 19.0, 43.850000000000001, 722.67499999999995], "29": [1487209236.0699999, 19.0, 43.850000000000001, 722.77499999999998], "30": [1487209538.1099999, 19.0, 43.850000000000001, 722.70000000000005], "31": [1487209840.1800001, 19.0, 43.850000000000001, 722.75], "32": [1487210142.1900001, 19.0, 43.875, 722.70000000000005], "33": [1487210444.26, 19.0, 43.899999999999999, 722.77499999999998], "34": [1487210746.26, 19.0, 43.899999999999999, 722.95000000000005], "35": [1487211048.3, 19.0, 43.924999999999997, 723.07500000000005], "36": [1487211350.3699999, 19.0, 43.924999999999997, 723.14999999999998], "37": [1487211652.3699999, 19.0, 43.899999999999999, 723.22500000000002], "38": [1487211954.4300001, 19.0, 43.899999999999999, 723.45000000000005], "39": [1487212256.45, 19.0, 43.899999999999999, 723.5], "40": [1487212558.52, 19.0, 43.899999999999999, 723.54999999999995], "41": [1487212860.5899999, 19.0, 43.875, 723.75], "42": [1487213162.5599999, 19.0, 43.875, 723.79999999999995], "43": [1487213464.6300001, 19.0, 43.875, 724.0], "44": [1487213766.71, 19.0, 43.875, 724.14999999999998], "45": [1487214068.6700001, 19.0, 43.899999999999999, 724.10000000000002], "46": [1487214370.75, 19.0, 43.899999999999999, 724.17499999999995], "47": [1487214672.8199999, 19.0, 43.899999999999999, 724.25], "48": [1487214974.8199999, 19.0, 43.899999999999999, 724.35000000000002], "49": [1487215276.8199999, 19.0, 43.899999999999999, 724.47500000000002], "50": [1487215578.96, 19.0, 43.899999999999999, 724.60000000000002], "51": [1487215880.9000001, 19.0, 43.899999999999999, 724.60000000000002], "52": [1487216182.97, 19.0, 43.899999999999999, 724.625], "53": [1487216484.98, 19.0, 43.899999999999999, 724.67499999999995], "54": [1487216787.01, 19.0, 43.899999999999999, 724.67499999999995], "55": [1487217089.05, 19.0, 43.899999999999999, 724.72500000000002], "56": [1487217391.1600001, 19.0, 43.899999999999999, 724.67499999999995], "57": [1487217693.1300001, 19.0, 43.899999999999999, 724.70000000000005], "58": [1487217995.1600001, 19.0, 43.924999999999997, 724.85000000000002], "59": [1487218297.2, 19.0, 43.924999999999997, 724.89999999999998], "60": [1487218599.3399999, 19.0, 43.924999999999997, 724.92499999999995], "61": [1487218901.3099999, 19.0, 43.924999999999997, 725.02499999999998], "62": [1487219203.3499999, 19.0, 43.924999999999997, 725.17499999999995], "63": [1487219505.4200001, 19.0, 43.924999999999997, 725.07500000000005], "64": [1487219807.3900001, 19.0, 43.950000000000003, 725.10000000000002], "65": [1487220109.4300001, 19.0, 43.950000000000003, 724.92499999999995], "66": [1487220411.46, 19.0, 43.950000000000003, 724.92499999999995], "67": [1487220713.5999999, 19.0, 43.950000000000003, 725.04999999999995], "68": [1487221015.5699999, 19.0, 43.950000000000003, 724.97500000000002], "69": [1487221317.75, 19.0, 43.950000000000003, 724.97500000000002], "70": [1487221619.6500001, 19.0, 43.950000000000003, 725.27499999999998], "71": [1487221921.6800001, 19.0, 43.950000000000003, 725.45000000000005], "72": [1487222223.6900001, 19.0, 43.950000000000003, 725.42499999999995], "73": [1487222525.76, 19.0, 43.950000000000003, 725.54999999999995], "74": [1487222827.79, 19.0, 43.950000000000003, 725.39999999999998], "75": [1487223129.8599999, 19.0, 43.950000000000003, 725.39999999999998], "76": [1487223431.8699999, 19.0, 43.950000000000003, 725.39999999999998], "77": [1487223733.9000001, 19.0, 43.975000000000001, 725.42499999999995], "78": [1487224035.9100001, 19.0, 43.975000000000001, 725.39999999999998], "79": [1487224337.95, 19.0, 43.975000000000001, 725.47500000000002], "80": [1487224639.98, 19.0, 43.975000000000001, 725.47500000000002], "81": [1487224942.05, 19.0, 44.0, 725.42499999999995], "82": [1487225244.0899999, 19.0, 44.0, 725.52499999999998], "83": [1487225546.0999999, 19.0, 44.0, 725.47500000000002], "84": [1487225848.1300001, 19.0, 44.0, 725.42499999999995], "85": [1487226150.1700001, 19.0, 43.975000000000001, 725.60000000000002], "86": [1487226452.21, 19.0, 43.975000000000001, 725.60000000000002], "87": [1487226754.28, 19.0, 43.975000000000001, 725.89999999999998], "88": [1487227056.28, 19.0, 43.975000000000001, 725.70000000000005], "89": [1487227358.3599999, 19.0, 43.975000000000001, 725.54999999999995], "90": [1487227660.3900001, 19.0, 43.975000000000001, 725.45000000000005], "91": [1487227962.4300001, 19.0, 43.975000000000001, 725.47500000000002], "92": [1487228264.4400001, 19.0, 43.975000000000001, 725.54999999999995], "93": [1487228566.47, 19.0, 43.975000000000001, 725.67499999999995], "94": [1487228868.54, 19.0, 43.950000000000003, 725.72500000000002], "95": [1487229170.55, 19.0, 43.950000000000003, 725.95000000000005], "96": [1487229472.5899999, 19.0, 43.950000000000003, 725.92499999999995], "97": [1487229774.6199999, 19.0, 43.950000000000003, 725.95000000000005], "98": [1487230076.6600001, 19.0, 43.950000000000003, 725.85000000000002], "99": [1487230378.73, 19.0, 43.950000000000003, 725.85000000000002], "100": [1487230680.8099999, 19.0, 43.950000000000003, 725.875], "101": [1487230982.8099999, 19.0, 43.950000000000003, 725.95000000000005], "102": [1487231284.8099999, 19.0, 43.950000000000003, 725.92499999999995], "103": [1487231586.8800001, 19.0, 43.950000000000003, 726.02499999999998], "104": [1487231888.96, 19.0, 43.950000000000003, 726.10000000000002], "105": [1487232190.96, 19.0, 43.924999999999997, 726.0], "106": [1487232492.96, 19.0, 43.924999999999997, 726.04999999999995], "107": [1487232795.04, 19.0, 43.924999999999997, 726.04999999999995], "108": [1487233097.0799999, 19.0, 43.924999999999997, 726.0], "109": [1487233399.25, 19.0, 43.924999999999997, 726.10000000000002], "110": [1487233701.1500001, 19.0, 43.924999999999997, 726.07500000000005], "111": [1487234003.1600001, 19.0, 43.924999999999997, 726.10000000000002], "112": [1487234305.1900001, 19.0, 43.924999999999997, 726.22500000000002], "113": [1487234607.47, 19.0, 43.924999999999997, 726.10000000000002], "114": [1487234909.27, 19.0, 43.924999999999997, 726.32500000000005], "115": [1487235211.3099999, 19.0, 43.924999999999997, 726.375],